{"cameraMode":{"drawMode":0,"name":"Shaded","section":"Shading Mode"},"sceneLighting":true,"audioPlay":false,"sceneViewState":{"showFog":true,"showMaterialUpdate":false,"showSkybox":true,"showFlares":true,"showImageEffects":true,"showParticleSystems":true,"showVisualEffectGraphs":true,"m_FxEnabled":true},"in2DMode":false,"pivot":{"x":-124.88806915283203,"y":-115.41252136230469,"z":151.38673400878907},"rotation":{"x":-0.22221949696540833,"y":0.14160114526748658,"z":-0.03269045799970627,"w":-0.9643007516860962},"size":244.34039306640626,"orthographic":false}