{"cameraMode":{"drawMode":0,"name":"Shaded","section":"Shading Mode"},"sceneLighting":true,"audioPlay":false,"sceneViewState":{"showFog":true,"showMaterialUpdate":false,"showSkybox":true,"showFlares":true,"showImageEffects":true,"showParticleSystems":true,"showVisualEffectGraphs":true,"m_FxEnabled":true},"in2DMode":false,"pivot":{"x":3.397315740585327,"y":-0.6275216937065125,"z":-151.22019958496095},"rotation":{"x":0.005716982297599316,"y":0.974916934967041,"z":-0.22160322964191438,"w":0.026408875361084939},"size":4.7727837562561039,"orthographic":false}